track_name,artists,track_genre,LOF20,kNN20
"12 Variations on ‘La belle Françoise’ in E flat, K.353: 8. Variation VII",Wolfgang Amadeus Mozart;Danielle Laval,classical,2.569334186674885,4.30920354482747
Sri Venkatesa Suprabhatam,M. S. Subbulakshmi;T. K. Murthy;V.V.Subramaniam,classical,2.139969347433402,6.138220768669805
"2 Canons in F for 2 voices in 1, K508a: Nos. 1-2",Wolfgang Amadeus Mozart;Karl-Heinz Steffens;Werner Mittelbach;Joachim Olszewski,classical,1.9268428235062602,2.6726958924828814
Vettri Venduma,Sirkazhi Govindarajan,classical,1.8065814609116209,3.1450679122494094
"Concerto for 2 Cellos in G Minor, RV 531: I. Allegro (Live)",Antonio Vivaldi;Cabin John Middle School Advanced Orchestra;Scott Herman,classical,1.7893639680380895,5.763822470680067
Fed Up,Ghostemane,hip-hop,1.788525368707163,3.089066526239673
Senthamizh Thaenmozhiyal,T. R. Mahalingam,classical,1.7341334358086613,3.0070241159486586
Vibe Hai,DIVINE;Aavrutti;D'Evil;Shah Rule,hip-hop,1.732563252007248,5.3103005158933545
Aanai Mugathaan Revival,Sirkazhi Govindarajan,classical,1.7257794042953216,3.767684264550589
Harry Potter (The Ultimate Indian Theme),Mahesh Raghvan,classical,1.7223396828677806,2.4097341942548582
Thiruchenduril,Radha Jayalakshmi,classical,1.644074334323666,4.369728162824483
Attila - Santo di patria... Allor che i forti corrono,Giuseppe Verdi;Vincenzo Ciliberti,classical,1.643706534728344,3.5874568649897536
Call Me Joker,Hildur Guðnadóttir,classical,1.6226059349064672,2.7070734897906457
Thillana - Dhanashree - Adi,Rajhesh Vaidhya,classical,1.603693401090195,2.773282759194009
Halloween Theme,Celldweller,metal,1.5983986970711137,3.5338339183434275
What a Karavaad,Anirudh Ravichander;Dhanush,hip-hop,1.5970977144621281,4.261511180068578
"Idomeneo, re di Creta, K.366 / Act 3: Marcia - Live",Wolfgang Amadeus Mozart;English Baroque Soloists;John Eliot Gardiner,classical,1.5780355922484222,3.627996428905332
小小羊兒要回家 / 流淚的河 - 現場版,楊培安,mandopop,1.5658907972104485,4.337958004820823
Who Am I ?,Arivu,hip-hop,1.4785637609857458,2.758696558845066
Ariyathu Ariyathu,K. B. Sundarambal,classical,1.4782047343490097,3.3619440857773113
Dream (Raag Tilak Nat) [Radio Edit],Niladri Kumar,classical,1.4631075137130714,2.393062326558796
紅(イントロ ストリングス) - Remaster,X JAPAN,metal,1.4602484464474332,3.3782661122341864
Afsanay,Young Stunners;Talha Anjum;Talhah Yunus,hip-hop,1.4571365951451893,3.465443166498574
Sri Venkateshwara Suprabhatham,M. S. Subbulakshmi,classical,1.4498346592430431,3.9320258942805952
Leviathan,Yngwie Malmsteen,metal,1.4461265697825336,2.8138121602220307
她來聽我的演唱會,Jacky Cheung,mandopop,1.4337375454310506,2.6254247130168045
Chinna Kannan,M. Balamuralikrishna,classical,1.3901548764635916,2.706228655685076
Dhakka,Sidhu Moose Wala;Afsana Khan,hip-hop,1.386582993975685,3.7271682768594983
Issa Jatt,Sidhu Moose Wala;Sunny Malton,hip-hop,1.3847888227302456,3.106921455264337
Voodoo Child (Slight Return),Jimi Hendrix,metal,1.3649481102872778,3.232457627722107
Forza del destino - Pace mio Dio e Finale,Giuseppe Verdi;Vincenzo Ciliberti,classical,1.3373187104477446,3.4812517202497686
"Berceuse in D flat, Op. 57",Frédéric Chopin;Daniel Barenboim,classical,1.332021987067994,3.6388097655258442
"Symphony No. 8 in F Major, Op. 93: I. Allegro vivace e con brio (Live)",Ludwig van Beethoven;Allen High School Symphony Orchestra;David Devoto,classical,1.3304364581904566,3.4416209058815745
Gunehgar,DIVINE,hip-hop,1.324223004933427,3.1865577924298405
Kurai Onrum Illai,M. S. Subbulakshmi;Radha Viswanathan;Sangeetha Kalanidhi,classical,1.311705084804427,2.8453113901294347
Malwa Block,Sidhu Moose Wala,hip-hop,1.2847461206843394,3.1771950223015595
"24 Preludes, Op. 34: No. 14 in E-Flat Minor (Arr. L. Stokowski for Orchestra) [Live]",Dmitri Shostakovich;Byron Nelson High School Symphony Orchestra;Gary Keller,classical,1.28292670767667,3.227692857799619
"Tzigane, M. 76 (Version for Violin & Orchestra) [Live]",Maurice Ravel;Luis Perez Canabal;Central Washington University Symphony Orchestra;Dr. Nikolas Caoile,classical,1.2797382798194274,3.1665124612629603
成全 - Live,Yoga Lin,mandopop,1.2778389268313204,2.9446019120803686
Naah Lofi,Jass Manak,hip-hop,1.2518921839296828,2.4989702887719494
世界末日,Jay Chou,mandopop,1.2421815038491497,3.016878230384432
Rap God,Eminem,hip-hop,1.241831146325226,3.120794081793924
Kaam 25 - Sacred Games,DIVINE,hip-hop,1.2403976536731842,2.8014371705186387
Un Trago Para Ver Mejor,La Mississippi,metal,1.2394467733636683,3.0044763393820517
Hooka,Don Omar;Plan B,hip-hop,1.2382548098624935,2.724389456293235
"Pièces de clavecin avec une méthode, Suite in D Major, RCT 3: No. 17, Les cyclopes (Live in Japan, 2022)",Jean-Philippe Rameau;Pavel Nersessian,classical,1.2369661654553903,2.863226461845637
Hanuman Chalisa,M. S. Subbulakshmi;Radha Viswanathan,classical,1.2348531785839705,3.0068184861768534
"Pavane in F-Sharp Minor, Op. 50 (Arr. B. Philips for Orchestra) [Live]",Gabriel Fauré;Cabin John Middle School Advanced Orchestra;Scott Herman,classical,1.2276993052466236,3.3632398419222875
"Piano Concerto No. 1 in B-Flat Minor, Op. 23, TH. 55: 3. Allegro con fuoco - Live at Philharmonie, Berlin",Pyotr Ilyich Tchaikovsky;Evgeny Kissin;Berliner Philharmoniker;Herbert von Karajan,classical,1.2272224711099993,3.1021398525286554
Basti Ka Hasti,MC STAN,hip-hop,1.2037675833433334,2.8286091471641095
"Vespri Siciliani - Mercé, dilette amiche",Giuseppe Verdi;Vincenzo Ciliberti,classical,1.1952814965649996,3.4732157775652954
Hanuman Chalisa,M. S. Subbulakshmi;Radha Viswanathan,classical,1.18674571885445,2.8950367369643395
"Serenade for Strings in C Major, Op. 48, TH 48: IV. Finale. Tema russo (Live)",Pyotr Ilyich Tchaikovsky;Arlington High School Philharmonia Strings;Jonathan Handman,classical,1.179260165712719,3.6227071197471115
Saaral Mazhaiyaa,Stephen Zechariah;Kaushik Iyer,hip-hop,1.1465144864038526,2.6360884295375095
"Variations on ""Là ci darem la mano"" from Mozart's Don Giovanni, Op. 2: Coda. Alla Polacca - Live",Frédéric Chopin;Bruce Liu,classical,1.1274705049114997,2.585097187441871
